Fecha,Visualizaciones de vídeos,Público alcanzado,Visualizaciones del perfil,Me gusta,Compartidos,Comentarios,Clics en enlaces de productos,Pagos completados del enlace del producto,GMV de enlaces de productos,Clics en el sitio web ,Clics en el número de teléfono ,Envío de clientes potenciales,Clics en enlaces de descarga de aplicaciones,Crecimiento neto,Nuevos seguidores,Seguidores perdidos
2025/06/01,1110,1100,14,132,3,21,0,0,0,0,0,0,0,2,3,1
2025/06/02,8309,8268,25,1701,6,67,0,0,0,1,0,0,0,21,21,0
2025/06/03,1091,1072,11,387,0,9,0,0,0,0,0,0,0,2,2,0
2025/06/04,585,534,7,104,5,31,0,0,0,0,0,0,0,6,6,0
2025/06/05,703,646,20,68,3,32,0,0,0,0,0,0,0,10,10,0
2025/06/06,2667,2594,56,62,4,25,0,0,0,1,0,0,0,22,22,0
2025/06/07,250,187,6,30,0,5,0,0,0,0,0,0,0,7,7,0
2025/06/08,737,701,12,97,0,24,0,0,0,0,0,0,0,8,8,0
2025/06/09,782,697,12,114,0,20,0,0,0,1,0,0,0,3,5,2
2025/06/10,745,678,8,118,2,25,0,0,0,0,0,0,0,6,6,0
2025/06/11,816,767,8,120,0,27,0,0,0,1,0,0,0,2,2,0
2025/06/12,2074,1950,18,63,6,11,0,0,0,1,0,0,0,8,9,1
2025/06/13,4296,4238,36,214,3,33,0,0,0,0,0,0,0,42,42,0
2025/06/14,1245,1202,21,183,6,28,0,0,0,0,0,0,0,17,17,0
2025/06/15,7738,7671,40,360,8,43,0,0,0,2,0,0,0,10,11,1
2025/06/16,7706,7633,41,636,52,55,0,0,0,3,0,0,0,117,118,1
2025/06/17,2241,2151,42,225,15,42,0,0,0,2,0,0,0,12,13,1
2025/06/18,6695,6543,41,329,9,73,0,0,0,1,0,0,0,15,17,2
2025/06/19,11309,11210,90,722,72,78,0,0,0,0,0,0,0,117,119,2
2025/06/20,1459,1298,34,215,4,60,0,0,0,2,0,0,0,5,6,1
2025/06/21,1450,1336,21,201,3,46,0,0,0,0,0,0,0,11,12,1
2025/06/22,3274,3155,67,355,15,79,0,0,0,4,0,0,0,16,18,2
2025/06/23,20728,20600,103,621,41,55,0,0,0,3,0,0,0,13,14,1
2025/06/24,9680,9444,56,327,18,30,0,0,0,5,0,0,0,11,15,4
2025/06/25,10938,10793,39,395,27,50,0,0,0,0,0,0,0,13,13,0
2025/06/26,6112,5915,37,277,16,43,0,0,0,1,0,0,0,7,7,0
2025/06/27,11308,11229,40,335,33,30,0,0,0,1,0,0,0,12,13,1
2025/06/28,17420,17192,36,286,52,14,0,0,0,0,0,0,0,13,13,0
2025/06/29,15816,15692,41,391,37,28,0,0,0,2,0,0,0,6,10,4
2025/06/30,14679,14615,42,467,30,58,0,0,0,0,0,0,0,13,14,1
2025/07/01,5845,5711,18,287,15,28,0,0,0,0,0,0,0,4,4,0
2025/07/02,5056,4872,17,311,20,34,0,0,0,0,0,0,0,7,9,2
2025/07/03,8337,8196,43,441,29,44,0,0,0,0,0,0,0,6,6,0
2025/07/04,14625,14354,43,583,29,65,0,0,0,1,0,0,0,7,9,2
2025/07/05,11179,11062,27,383,25,20,0,0,0,0,0,0,0,8,9,1
2025/07/06,9156,9009,25,518,27,67,0,0,0,1,0,0,0,10,11,1
2025/07/07,58780,58567,93,1266,193,47,0,0,0,1,0,0,0,38,39,1
2025/07/08,27883,27604,64,682,74,63,0,0,0,0,0,0,0,26,27,1
2025/07/09,36425,36305,69,795,121,36,0,0,0,0,0,0,0,27,27,0
2025/07/10,14380,14259,35,496,60,38,0,0,0,0,0,0,0,11,13,2
2025/07/11,23992,23845,68,985,75,24,0,0,0,0,0,0,0,13,13,0
2025/07/12,12697,12586,31,550,43,10,0,0,0,0,0,0,0,4,6,2
2025/07/13,13100,12941,37,520,46,58,0,0,0,1,0,0,0,3,4,1
2025/07/14,12579,12447,32,306,18,18,0,0,0,0,0,0,0,7,11,4
2025/07/15,13566,13334,36,492,60,9,0,0,0,0,0,0,0,11,14,3
2025/07/16,10815,10639,35,450,38,51,0,0,0,0,0,0,0,15,16,1
2025/07/17,13109,12967,58,485,50,50,0,0,0,0,0,0,0,17,17,0
2025/07/18,9430,9336,22,383,35,14,0,0,0,0,0,0,0,15,17,2
2025/07/19,11274,11131,33,454,36,30,0,0,0,0,0,0,0,17,17,0
2025/07/20,9017,8823,20,314,24,7,0,0,0,0,0,0,0,8,12,4
2025/07/21,14195,14054,115,723,58,110,0,0,0,0,0,0,0,22,25,3
2025/07/22,14837,14618,42,919,46,33,0,0,0,0,0,0,0,21,21,0
2025/07/23,10720,10561,26,662,44,26,0,0,0,0,0,0,0,14,15,1
2025/07/24,7220,7059,48,543,24,67,0,0,0,2,0,0,0,19,21,2
2025/07/25,6241,6119,22,434,22,35,0,0,0,1,0,0,0,14,15,1
2025/07/26,6668,6449,27,358,21,31,0,0,0,0,0,0,0,13,13,0
2025/07/27,7126,7015,18,473,16,37,0,0,0,0,0,0,0,21,22,1
2025/07/28,7975,7880,29,583,50,36,0,0,0,0,0,0,0,39,41,2
2025/07/29,7848,7673,24,643,35,42,0,0,0,0,0,0,0,40,43,3
2025/07/30,8585,8466,15,852,60,19,0,0,0,0,0,0,0,42,43,1
2025/07/31,8393,8307,30,1011,80,44,0,0,0,0,0,0,0,84,85,1
2025/08/01,8143,7903,35,808,48,44,0,0,0,0,0,0,0,46,49,3
2025/08/02,9586,9404,44,771,55,33,0,0,0,0,0,0,0,31,32,1
2025/08/03,12443,12258,37,1131,68,19,0,0,0,0,0,0,0,23,24,1
2025/08/04,11249,11096,22,711,60,33,0,0,0,0,0,0,0,28,29,1
2025/08/05,11347,11188,29,828,59,40,0,0,0,0,0,0,0,24,25,1
2025/08/06,6589,6413,23,497,28,40,0,0,0,0,0,0,0,11,12,1
2025/08/07,5950,5763,18,400,29,27,0,0,0,0,0,0,0,28,29,1
2025/08/08,5301,5078,19,273,22,14,0,0,0,0,0,0,0,24,24,0
2025/08/09,4198,4011,14,274,25,25,0,0,0,0,0,0,0,13,15,2
2025/08/10,3873,3669,20,182,20,24,0,0,0,0,0,0,0,14,15,1
2025/08/11,5778,5590,22,324,24,34,0,0,0,0,0,0,0,16,18,2
2025/08/12,5183,4938,16,227,21,28,0,0,0,0,0,0,0,6,9,3
2025/08/13,2724,2516,10,141,14,12,0,0,0,0,0,0,0,11,11,0
2025/08/14,4906,4705,20,133,11,16,0,0,0,0,0,0,0,5,5,0
2025/08/15,5658,5478,15,130,19,20,0,0,0,0,0,0,0,5,6,1
2025/08/16,2965,2629,9,100,6,16,0,0,0,0,0,0,0,2,3,1
2025/08/17,3753,3535,19,191,6,39,0,0,0,0,0,0,0,3,3,0
2025/08/18,3898,3667,16,252,12,32,0,0,0,0,0,0,0,13,15,2
2025/08/19,2449,2287,12,154,12,12,0,0,0,0,0,0,0,13,13,0
2025/08/20,3408,3296,11,218,13,22,0,0,0,0,0,0,0,7,7,0
2025/08/21,3770,3510,15,227,13,18,0,0,0,0,0,0,0,10,11,1
2025/08/22,3972,3760,16,234,16,27,0,0,0,0,0,0,0,6,7,1
2025/08/23,3510,3360,19,177,14,24,0,0,0,1,0,0,0,2,5,3
2025/08/24,5057,4873,20,281,39,30,0,0,0,0,0,0,0,15,16,1
2025/08/25,7891,7655,21,256,34,9,0,0,0,0,0,0,0,12,15,3
2025/08/26,3879,3679,10,234,16,32,0,0,0,0,0,0,0,5,6,1
2025/08/27,9003,8908,17,270,28,29,0,0,0,1,0,0,0,9,11,2
2025/08/28,7664,7242,18,274,18,56,0,0,0,0,0,0,0,8,10,2
2025/08/29,5484,5268,22,258,23,38,0,0,0,0,0,0,0,9,11,2
2025/08/30,4675,4391,22,280,19,26,0,0,0,0,0,0,0,6,7,1
2025/08/31,21769,21628,47,364,32,41,0,0,0,0,0,0,0,8,8,0
2025/09/01,20099,19896,35,233,25,20,0,0,0,0,0,0,0,11,12,1
2025/09/02,3834,3563,9,160,15,1,0,0,0,0,0,0,0,7,7,0
2025/09/03,3359,3149,21,171,9,20,0,0,0,0,0,0,0,6,6,0
2025/09/04,3940,3802,22,139,26,14,0,0,0,0,0,0,0,15,15,0
2025/09/05,2034,1943,11,85,14,8,0,0,0,0,0,0,0,4,7,3
2025/09/06,1651,1483,4,84,9,3,0,0,0,0,0,0,0,4,7,3
2025/09/07,2062,1865,9,146,16,23,0,0,0,0,0,0,0,9,10,1
2025/09/08,1887,1644,13,149,9,20,0,0,0,0,0,0,0,6,7,1
2025/09/09,2200,2017,14,102,12,19,0,0,0,0,0,0,0,5,8,3
2025/09/10,2135,1700,11,164,9,25,0,0,0,0,0,0,0,8,10,2
2025/09/11,4616,4374,11,170,21,27,0,0,0,0,0,0,0,1,4,3
2025/09/12,2145,2064,11,103,10,21,0,0,0,0,0,0,0,7,7,0
2025/09/13,1901,1677,9,178,10,27,0,0,0,0,0,0,0,9,9,0
2025/09/14,1545,1423,1,120,7,30,0,0,0,0,0,0,0,3,4,1
2025/09/15,1263,1166,4,68,2,7,0,0,0,0,0,0,0,2,3,1
2025/09/16,1615,1417,13,48,3,6,0,0,0,1,0,0,0,5,7,2
2025/09/17,3502,3370,7,201,10,13,0,0,0,0,0,0,0,1,3,2
2025/09/18,14291,14089,31,232,27,16,0,0,0,0,0,0,0,14,15,1
2025/09/19,8509,8378,18,193,26,5,0,0,0,0,0,0,0,8,10,2
2025/09/20,3813,3724,8,173,14,13,0,0,0,0,0,0,0,5,5,0
2025/09/21,4215,3840,25,242,4,28,0,0,0,0,0,0,0,9,9,0
2025/09/22,3954,3704,32,238,4,29,0,0,0,0,0,0,0,7,9,2
2025/09/23,1113,965,5,100,0,9,0,0,0,0,0,0,0,-2,1,3
2025/09/24,1070,897,7,138,3,45,0,0,0,0,0,0,0,-1,1,2
2025/09/25,1483,1332,11,157,2,23,0,0,0,0,0,0,0,3,3,0
2025/09/26,673,258,3,38,0,10,0,0,0,0,0,0,0,2,2,0
2025/09/27,567,305,2,28,0,3,0,0,0,0,0,0,0,3,5,2
2025/09/28,2821,2520,13,189,10,42,0,0,0,0,0,0,0,3,6,3
2025/09/29,1771,1465,5,43,3,8,0,0,0,0,0,0,0,-1,0,1
2025/09/30,1119,496,6,81,3,18,0,0,0,0,0,0,0,2,2,0
2025/10/01,1428,1313,9,102,1,12,0,0,0,0,0,0,0,2,3,1
2025/10/02,719,496,3,43,2,12,0,0,0,0,0,0,0,1,1,0
2025/10/03,614,510,2,21,0,2,0,0,0,0,0,0,0,0,1,1
2025/10/04,401,241,4,18,2,2,0,0,0,0,0,0,0,0,3,3
2025/10/05,808,649,7,83,3,16,0,0,0,0,0,0,0,-1,1,2
2025/10/06,302,169,2,20,1,4,0,0,0,0,0,0,0,-2,0,2
2025/10/07,566,423,1,80,0,9,0,0,0,0,0,0,0,-1,0,1
2025/10/08,921,780,8,108,3,19,0,0,0,0,0,0,0,-2,2,4
2025/10/09,1956,1764,4,213,7,23,0,0,0,0,0,0,0,4,4,0
2025/10/10,1690,1470,8,144,11,16,0,0,0,0,0,0,0,3,3,0
2025/10/11,615,242,1,29,0,7,0,0,0,0,0,0,0,0,1,1
2025/10/12,666,540,2,75,1,7,0,0,0,0,0,0,0,1,4,3
2025/10/13,632,501,3,101,3,20,0,0,0,0,0,0,0,-2,1,3
2025/10/14,1562,1378,5,129,4,24,0,0,0,0,0,0,0,2,3,1
2025/10/15,531,348,3,25,0,2,0,0,0,0,0,0,0,2,3,1
2025/10/16,765,503,12,102,6,14,0,0,0,0,0,0,0,-1,1,2
2025/10/17,892,578,5,96,6,13,0,0,0,0,0,0,0,0,1,1
2025/10/18,459,202,3,29,0,3,0,0,0,0,0,0,0,3,4,1
2025/10/19,1046,868,5,110,2,15,0,0,0,0,0,0,0,2,2,0
2025/10/20,446,139,3,29,0,6,0,0,0,0,0,0,0,-1,2,3
2025/10/21,1204,645,7,89,5,9,0,0,0,0,0,0,0,2,2,0
2025/10/22,1629,1478,6,74,7,6,0,0,0,0,0,0,0,0,1,1
2025/10/23,226740,226599,319,7319,2616,114,0,0,0,2,0,0,0,16,16,0
2025/10/24,223724,223317,430,9958,3011,115,0,0,0,1,0,0,0,27,28,1
2025/10/25,187931,187586,298,7024,2091,86,0,0,0,1,0,0,0,27,28,1
2025/10/26,91390,91108,156,4121,993,62,0,0,0,1,0,0,0,16,18,2
2025/10/27,67242,67012,118,2902,708,45,0,0,0,0,0,0,0,11,12,1
2025/10/28,48171,47693,75,1925,456,30,0,0,0,0,0,0,0,6,6,0
2025/10/29,22284,22072,32,641,179,10,0,0,0,0,0,0,0,2,6,4
2025/10/30,12018,11753,11,498,111,7,0,0,0,0,0,0,0,-2,0,2
2025/10/31,8794,8361,22,408,47,23,0,0,0,0,0,0,0,0,1,1
2025/11/01,6040,5710,17,404,49,21,0,0,0,0,0,0,0,4,5,1
2025/11/02,4062,3359,13,213,23,4,0,0,0,0,0,0,0,1,3,2
2025/11/03,1852,1346,6,76,3,4,0,0,0,0,0,0,0,2,4,2
2025/11/04,3619,3281,7,213,14,19,0,0,0,0,0,0,0,-1,0,1
2025/11/05,1734,1404,3,153,16,19,0,0,0,0,0,0,0,6,6,0
2025/11/06,1342,755,4,106,3,7,0,0,0,0,0,0,0,-1,0,1
2025/11/07,685,393,8,53,0,9,0,0,0,0,0,0,0,0,3,3
2025/11/08,625,407,6,30,0,0,0,0,0,1,0,0,0,-1,0,1
2025/11/09,639,392,2,17,2,3,0,0,0,0,0,0,0,0,0,0
2025/11/10,538,390,5,22,0,3,0,0,0,0,0,0,0,-1,3,4
2025/11/11,496,317,3,22,1,2,0,0,0,0,0,0,0,0,1,1
2025/11/12,850,770,3,89,5,13,0,0,0,0,0,0,0,0,2,2
2025/11/13,736,473,9,49,2,9,0,0,0,0,0,0,0,-1,2,3
2025/11/14,2342,2040,11,148,12,5,0,0,0,0,0,0,0,3,5,2
2025/11/15,2447,2296,10,179,11,17,0,0,0,0,0,0,0,3,3,0
2025/11/16,1451,1334,4,97,5,11,0,0,0,0,0,0,0,-2,2,4
2025/11/17,1773,1605,7,116,10,14,0,0,0,0,0,0,0,1,1,0
2025/11/18,987,803,3,38,5,6,0,0,0,0,0,0,0,-2,1,3
2025/11/19,935,781,2,36,5,1,0,0,0,0,0,0,0,-2,1,3
2025/11/20,1573,1369,4,72,6,16,0,0,0,0,0,0,0,1,2,1
2025/11/21,631,497,4,25,6,5,0,0,0,0,0,0,0,-1,1,2
2025/11/22,562,328,2,31,1,7,0,0,0,0,0,0,0,0,1,1
2025/11/23,1015,877,1,119,7,12,0,0,0,0,0,0,0,-1,0,1
2025/11/24,688,489,5,27,3,2,0,0,0,0,0,0,0,1,3,2
2025/11/25,682,621,2,23,2,3,0,0,0,0,0,0,0,-3,1,4
2025/11/26,697,559,1,23,0,3,0,0,0,0,0,0,0,1,1,0
2025/11/27,1501,1440,7,125,8,9,0,0,0,0,0,0,0,-1,0,1
2025/11/28,480,411,4,38,0,11,0,0,0,0,0,0,0,0,0,0
2025/11/29,488,306,0,13,1,1,0,0,0,0,0,0,0,1,2,1
2025/11/30,909,648,4,76,2,14,0,0,0,0,0,0,0,1,2,1
2025/12/01,514,379,2,14,1,1,0,0,0,0,0,0,0,-1,0,1
2025/12/02,527,270,1,16,3,3,0,0,0,0,0,0,0,1,1,0
2025/12/03,458,326,3,34,2,8,0,0,0,0,0,0,0,1,1,0
2025/12/04,871,732,5,88,5,5,0,0,0,0,0,0,0,1,2,1
2025/12/05,797,642,3,91,1,17,0,0,0,0,0,0,0,-2,0,2
2025/12/06,1025,850,5,73,1,20,0,0,0,0,0,0,0,-2,0,2
2025/12/07,1047,765,7,110,2,15,0,0,0,0,0,0,0,-3,1,4
2025/12/08,752,473,1,44,1,15,0,0,0,0,0,0,0,0,2,2
2025/12/09,849,611,2,86,5,14,0,0,0,0,0,0,0,-2,0,2
2025/12/10,900,673,2,54,4,12,0,0,0,0,0,0,0,-1,1,2
2025/12/11,706,555,3,73,1,10,0,0,0,0,0,0,0,1,1,0
2025/12/12,568,318,0,26,0,5,0,0,0,0,0,0,0,2,2,0
2025/12/13,598,356,1,18,1,4,0,0,0,0,0,0,0,-1,1,2
2025/12/14,954,636,2,100,0,16,0,0,0,0,0,0,0,2,2,0
2025/12/15,601,330,4,27,0,6,0,0,0,0,0,0,0,-1,0,1
2025/12/16,1226,1091,3,129,3,15,0,0,0,0,0,0,0,0,2,2
2025/12/17,1168,944,11,110,1,20,0,0,0,0,0,0,0,-3,1,4
2025/12/18,891,729,5,99,2,27,0,0,0,0,0,0,0,-2,0,2
2025/12/19,587,335,4,50,0,6,0,0,0,0,0,0,0,-1,1,2
2025/12/20,628,435,2,35,2,6,0,0,0,0,0,0,0,-2,0,2
2025/12/21,21144,20881,57,911,133,53,0,0,0,0,0,0,0,8,8,0
2025/12/22,488807,488273,1304,32758,4261,579,0,0,0,0,0,0,0,72,75,3
2025/12/23,286302,285590,834,24346,2189,386,0,0,0,0,0,0,0,40,44,4
2025/12/24,109598,109157,395,11101,900,179,0,0,0,0,0,0,0,12,13,1
2025/12/25,146601,146166,456,15290,926,246,0,0,0,0,0,0,0,15,17,2
2025/12/26,50074,49694,173,5247,353,85,0,0,0,0,0,0,0,-1,3,4
2025/12/27,18962,18552,68,1850,137,35,0,0,0,0,0,0,0,-1,4,5
2025/12/28,21061,20653,95,1842,121,45,0,0,0,0,0,0,0,3,9,6
2025/12/29,11788,11660,50,1157,100,44,0,0,0,0,0,0,0,-2,5,7
2025/12/30,8576,8412,33,943,66,23,0,0,0,0,0,0,0,-2,1,3
2025/12/31,32738,32433,118,4327,205,87,0,0,0,0,0,0,0,9,10,1
2026/01/01,62330,62003,322,8223,528,177,0,0,0,0,0,0,0,10,12,2
2026/01/02,40374,40096,210,5560,395,135,0,0,0,0,0,0,0,17,19,2
2026/01/03,18065,17935,104,2551,164,55,0,0,0,0,0,0,0,-3,0,3
2026/01/04,6580,6326,25,654,43,25,0,0,0,1,0,0,0,6,6,0
2026/01/05,5529,5288,25,581,44,19,0,0,0,0,0,0,0,1,1,0
2026/01/06,2616,2497,16,184,14,6,0,0,0,0,0,0,0,-4,0,4
2026/01/07,1388,1180,8,68,5,3,0,0,0,0,0,0,0,-2,0,2
2026/01/08,1601,1260,5,106,10,9,0,0,0,0,0,0,0,0,0,0
2026/01/09,1511,1418,7,84,7,8,0,0,0,0,0,0,0,0,0,0
2026/01/10,1651,1378,14,123,8,10,0,0,0,0,0,0,0,-4,1,5
2026/01/11,1915,1693,11,156,7,20,0,0,0,0,0,0,0,-1,1,2
2026/01/12,1348,1069,9,112,5,20,0,0,0,0,0,0,0,-1,0,1
2026/01/13,1128,880,4,89,1,12,0,0,0,0,0,0,0,-1,0,1
2026/01/14,1156,885,2,74,2,15,0,0,0,0,0,0,0,-2,0,2
2026/01/15,1759,1465,15,202,5,24,0,0,0,0,0,0,0,0,2,2
2026/01/16,993,807,7,78,1,9,0,0,0,0,0,0,0,-3,0,3
2026/01/17,906,750,7,52,2,2,0,0,0,0,0,0,0,0,0,0
2026/01/18,1664,1552,12,165,6,21,0,0,0,0,0,0,0,0,1,1
2026/01/19,879,720,3,65,2,1,0,0,0,0,0,0,0,-2,0,2
2026/01/20,984,819,9,109,2,8,0,0,0,0,0,0,0,0,1,1
2026/01/21,795,545,4,81,0,4,0,0,0,0,0,0,0,-4,0,4
2026/01/22,1047,826,6,83,4,4,0,0,0,0,0,0,0,-1,0,1
2026/01/23,1286,1124,7,168,4,8,0,0,0,0,0,0,0,-2,0,2
2026/01/24,878,744,1,81,2,6,0,0,0,0,0,0,0,1,1,0
2026/01/25,1415,1186,11,135,4,14,0,0,0,0,0,0,0,-2,0,2
2026/01/26,1401,1116,10,124,13,9,0,0,0,0,0,0,0,-1,2,3
2026/01/27,979,834,4,64,2,10,0,0,0,0,0,0,0,2,2,0
2026/01/28,2988,2774,13,201,23,5,0,0,0,0,0,0,0,-2,1,3
2026/01/29,2975,2680,15,305,12,15,0,0,0,0,0,0,0,1,4,3
2026/01/30,2517,2291,33,166,13,9,0,0,0,0,0,0,0,-1,2,3
2026/01/31,1828,1661,10,157,2,12,0,0,0,0,0,0,0,0,0,0
2026/02/01,2993,2673,7,132,11,2,0,0,0,0,0,0,0,1,1,0
2026/02/02,5561,5366,11,270,16,6,0,0,0,0,0,0,0,0,3,3
2026/02/03,6163,5832,12,198,8,7,0,0,0,0,0,0,0,0,0,0
2026/02/04,2916,2688,6,158,5,8,0,0,0,0,0,0,0,-1,2,3
2026/02/05,6964,6824,6,244,7,8,0,0,0,0,0,0,0,0,2,2
2026/02/06,4242,3965,12,132,14,6,0,0,0,0,0,0,0,-1,2,3
2026/02/07,2502,2179,5,75,5,5,0,0,0,0,0,0,0,-1,0,1
2026/02/08,1702,1473,3,104,3,11,0,0,0,0,0,0,0,-1,0,1
2026/02/09,1426,1162,3,58,0,3,0,0,0,0,0,0,0,1,1,0
2026/02/10,1470,1321,2,50,3,4,0,0,0,0,0,0,0,0,1,1
2026/02/11,1037,744,2,53,2,3,0,0,0,0,0,0,0,0,0,0
2026/02/12,1310,1067,7,53,2,2,0,0,0,0,0,0,0,0,0,0
2026/02/13,1676,1368,7,158,5,16,0,0,0,0,0,0,0,1,1,0
2026/02/14,976,798,7,71,3,3,0,0,0,0,0,0,0,-1,0,1
2026/02/15,1753,1668,6,153,11,4,0,0,0,0,0,0,0,1,1,0
2026/02/16,853,625,4,61,1,3,0,0,0,0,0,0,0,1,1,0
2026/02/17,624,428,1,44,3,5,0,0,0,0,0,0,0,-1,0,1
2026/02/18,778,576,4,45,3,0,0,0,0,0,0,0,0,-2,0,2
2026/02/19,1139,984,4,105,1,8,0,0,0,0,0,0,0,0,0,0
2026/02/20,625,488,6,35,4,2,0,0,0,0,0,0,0,-2,1,3
2026/02/21,807,425,3,32,1,7,0,0,0,0,0,0,0,-1,0,1
2026/02/22,767,430,4,64,2,2,0,0,0,0,0,0,0,-2,0,2
2026/02/23,521,233,4,43,0,5,0,0,0,1,0,0,0,-2,0,2
2026/02/24,671,394,9,46,2,10,0,0,0,1,0,0,0,0,1,1
2026/02/25,656,440,1,82,1,4,0,0,0,0,0,0,0,0,0,0
2026/02/26,513,256,4,49,1,6,0,0,0,0,0,0,0,-1,0,1
2026/02/27,704,484,2,90,2,10,0,0,0,0,0,0,0,0,0,0
2026/02/28,933,773,3,100,2,7,0,0,0,0,0,0,0,1,1,0
2026/03/01,739,591,3,76,1,8,0,0,0,0,0,0,0,-1,0,1
2026/03/02,405,268,3,38,0,10,0,0,0,0,0,0,0,-1,0,1
2026/03/03,655,478,11,84,1,5,0,0,0,0,0,0,0,-3,1,4
2026/03/04,419,327,3,39,1,3,0,0,0,0,0,0,0,0,0,0
2026/03/05,574,185,2,27,1,3,0,0,0,0,0,0,0,-1,0,1
2026/03/06,1234,725,3,107,1,12,0,0,0,0,0,0,0,0,0,0
2026/03/07,935,810,10,83,1,17,0,0,0,0,0,0,0,-3,0,3
2026/03/08,482,257,5,41,0,8,0,0,0,1,0,0,0,0,2,2
2026/03/09,362,173,4,17,0,5,0,0,0,0,0,0,0,0,0,0
2026/03/10,711,494,7,74,0,18,0,0,0,0,0,0,0,0,0,0
2026/03/11,299,184,0,15,1,1,0,0,0,0,0,0,0,0,0,0
2026/03/12,282,166,2,13,0,0,0,0,0,0,0,0,0,-1,0,1
2026/03/13,871,686,9,59,2,15,0,0,0,0,0,0,0,1,1,0
2026/03/14,3912,3681,35,111,5,59,0,0,0,0,0,0,0,3,3,0
2026/03/15,26135,25724,173,312,80,47,0,0,0,0,0,0,0,4,4,0
2026/03/16,10840,10672,60,178,83,16,0,0,0,0,0,0,0,1,1,0
2026/03/17,7409,7270,62,193,46,14,0,0,0,0,0,0,0,0,0,0
2026/03/18,7788,7559,68,269,66,13,0,0,0,0,0,0,0,4,5,1
2026/03/19,2735,2632,21,109,25,8,0,0,0,0,0,0,0,0,1,1
2026/03/20,9239,8914,52,351,58,10,0,0,0,0,0,0,0,1,2,1
2026/03/21,6599,6391,32,230,31,12,0,0,0,0,0,0,0,2,2,0
2026/03/22,2826,2634,13,60,12,5,0,0,0,0,0,0,0,-1,0,1
2026/03/23,1273,1010,7,44,5,3,0,0,0,0,0,0,0,0,0,0
2026/03/24,1525,1399,4,39,11,3,0,0,0,0,0,0,0,-2,0,2
2026/03/25,2538,2388,10,107,22,11,0,0,0,0,0,0,0,1,1,0
2026/03/26,1773,1574,7,52,11,12,0,0,0,0,0,0,0,-2,0,2
2026/03/27,1645,1482,4,122,7,10,0,0,0,0,0,0,0,-1,0,1
2026/03/28,1531,1358,5,84,6,10,0,0,0,0,0,0,0,-1,1,2
2026/03/29,5077,4919,26,218,33,21,0,0,0,0,0,0,0,2,3,1
2026/03/30,4335,4170,26,171,29,7,0,0,0,1,0,0,0,2,2,0
2026/03/31,2309,2132,11,105,9,3,0,0,0,0,0,0,0,-1,0,1
